username,password,first_name,last_name,national_id,tel
hamed,1,hamed,molavi,0123456789,09130111591
hasti,424534243,hasti,enayati,3252354223,09164353452
payam,3463243235,payam,rezayi,4678345678,0931345233
sima,34236434,sima,salehi,1564356843,093745345234
nafise,4352425246,nafise,sarrami,1642783059,09385453354
ehsan,4676634365,ehsan,kiyani,1835938439,09353445234
saman,565746345346,saman,jafari,1934563045,09345630453
fateme,356453463,fateme,rezvani,1935639650,0945346354
maryam,64353453454,maryam,ranjbar,5336266343,0924523633
kimiya,6754634523,kimiya,shafiee,2463248754,0935356435
zahra,5743532423,zahra,maleki,3958305839,094534513432
behrooz,5745235342,behrooz,ghazi,9035335034,09465745234
ali754,6733563453vfd,ali,khosravan,4893048394,09435234235
sanaz,54rk45345,sanaz,khosravi,4893048293,09345423423
morteza,g3453t34524,morteza,ghasemi,3948736039,09452634534
tina,564jn43534,tina,rafiee,4983069439,09346443252
shima,6hew53463yh,shima,koohestani,4893058929,0925345245
arnik,3634k2m323,arnik,ghasri,8345935025,092524235235
arsam,363hfhf45345,arsam,khostavani,3574859434,09346352453
raha,6435643534j,raha,naseri,3849245783,093453423423
aysa,ret3454535,aysa,samadi,8493057638,0934534234
shiva,f345434534,shiva,keshavarz,4759382054,09435623454
elham,keyvani3423,elham,keyvani,7483054325,09453635343
farzane,4563254345j34,farzane,yazdi,8343585093,0934534334
hajar,4564jnknk,hajar,hosseyni,7384930245,0934534234
kiyarash,4kk2n423423,kiyarash,momeni,7459358350,0987734532
ashkan34,46532453453tv,ashkan,hamidi,3495835923,0946323423
vida,34534624k,vida,jahanbakhsh,8359350543,094635345345
5464543545j,5464543545j,shima,taghizade,3496430254,0953452342
